Lens ID,Title,Publication Year,Author/s,Abstract,Keywords
000-425-845-807-513,Coping with long-COVID stigma: The role of self-compassion and self-coldness,2025,Maor Shani; Kilian Wübbelt,"Long COVID has been associated with stigmatization, prompting exploration of coping mechanisms. This cross-sectional study examined whether self-compassion and self-coldness mediate long-COVID stigma’s effects on well-being. We surveyed 201 German adults with long-COVID (89% female; Mage = 43.27, SD = 10.57). Most were officially diagnosed (88%), and 93% still experienced long-COVID symptoms at the time of survey. Measures included stigma, self-compassion, self-coldness, subjective well-being (SWB), and flourishing. Long-COVID stigma negatively correlated with SWB and flourishing. Higher self-compassion and lower self-coldness predicted better outcomes. Internalized stigma predicted lower flourishing through decreased self-compassion and increased self-coldness. In contrast, enacted stigma was associated with higher SWB and flourishing through lower self-coldness. Overall, mediation effects via self-coldness were significantly stronger than those via self-compassion, particularly in flourishing. These findings highlight the interplay between stigma, self-relating, and well-being, indicating both adaptive and maladaptive pathways. Interventions promoting self-compassion and reducing self-coldness may support holistic long-COVID care.",
000-516-474-169-658,Age and chest computed tomography severity score are predictors of long-COVID.,2024,Merve Erkan,"<AbstractText Label=""INTRODUCTION"">About one-third of acute coronavirus disease 2019 (COVID-19) survivors have suffered from persisting symptoms called long-COVID. Clinical factors such as age and intensity (moderate or acute) of COVID-19 have been found to be associated with long-COVID. Many tissues might be damaged functionally or structurally during acute COVID-19 which can be detected by blood assays and chest computed tomography (CT). We aimed to evaluate the relationship between long-COVID and the initial findings of blood assays and chest CT as possible predictors.</AbstractText>;           <AbstractText Label=""METHODOLOGY"">The study included patients with acute COVID-19. Laboratory tests and chest CT were obtained from each patient at the time of admission to the hospital. Chest CT was evaluated for pneumonic involvement and severity score. Multivariable regression model was created to find the factors that were independently associated with long-COVID.</AbstractText>;           <AbstractText Label=""RESULTS"">There were 60 (38.2%) patients with long-COVID and 97 (61.8%) without. Baseline demographic, laboratory and chest CT parameters were similar in both groups, except for age, chronic lung disease and chest CT severity score (46.9 ± 15.1 years vs 52.6 ± 15.9 years, p = 0.03; 11.7% vs 3.1%, p = 0.03 and 10.3 ± 9.6 vs 6.5 ± 7.6, p = 0.02, respectively). In multivariable model, chest CT severity score (OR: 1.059, 95% CI: 1.002-1.119, p = 0.04) and age (OR: 0.953, 95% CI: 0.928-0.979, p &lt; 0.001) were independently associated with long-COVID.</AbstractText>;           <AbstractText Label=""CONCLUSIONS"">Chest CT severity score and age were independently associated with long-COVID and may be used to predict the future risk of long-COVID.</AbstractText>;           <CopyrightInformation>Copyright (c) 2024 Merve Erkan.</CopyrightInformation>",chest CT; long-COVID; pneumonia chest CT severity score; post-COVID
000-521-509-636-014,To Long COVID and Beyond,2021,David Misselbrook,"David Misselbrook ; ; ; ; New diseases don’t come along that often. As I write, almost 5 million people have died of COVID-19 worldwide.1 How fortunate we are in the West to be relatively wealthy, well, and fully jabbed. Yet even in the UK it feels as if normal life has stopped for the last 18 months, with bereavement, grief, economic loss, mental health problems, and now ongoing illness and disability. And the knock-on effect on treatment of the old diseases, especially cancer.; ; And so to long COVID — not so much a single illness as a ragbag …",
000-579-570-485-747,Children with Long Covid: Co-producing a specialist community public health nursing response,2021,Michael Fanner; Elaine Maxwell,"<jats:p>Globally, children have been profoundly affected by the Covid-19 pandemic in many ways. While the majority of children with acute Covid-19 infection experience mild illness and fully recover, many go on to experience Long Covid. Long Covid is clinically identified by experience of persistent (and sometimes different) symptoms for several months after the acute infection (even in children who were asymptomatic). There is currently no agreed consensus on the case definition of Long Covid, but real-world data from American health insurance firms and the UK Office for National Statistics report that children may experience intestinal symptoms, pain, breathlessness, cognitive dysfunction and post-exercise malaise. The current understanding of the natural history, diagnostics and treatments of Long Covid is limited, meaning the medical model in isolation is not helpful. Health visitors and school nurses are ideally placed to case-find children with Long Covid and co-produce child and family-centred care.</jats:p>",
001-093-041-546-993,"Evaluating the associations among asthma, asthma control and long COVID in U.S. adults.",2025,Chun-Tse Hung; Yu-Chien Hung; Chi-Won Suk; Chung-Hsuen Wu,"<AbstractText Label=""OBJECTIVE"" NlmCategory=""OBJECTIVE"">This study aimed to evaluate (1) the association between asthma and long COVID among U.S. adults and (2) the association between asthma control and long COVID among U.S. adults with asthma.</AbstractText>;           <AbstractText Label=""METHODS"" NlmCategory=""METHODS"">Data from the 2023 National Health Interview Survey were used. Adults aged ≥ 18 years were included. Asthma control was measured by the history of asthma attacks and emergency room (ER) visits for asthma. Multivariable logistic regression models were used to evaluate the associations. A sensitivity analysis was performed by stratifying long COVID severity.</AbstractText>;           <AbstractText Label=""RESULTS"" NlmCategory=""RESULTS"">A total of 258,237,552 adults were included in this study. The prevalence of long COVID among U.S. adults in 2023 was 8.2%. When stratified by the presence of asthma, the prevalence was 15.2% for those with asthma and 7.6% for those without asthma (P &lt; 0.01). After adjusting for covariates, adults with asthma had higher odds of long COVID than those without asthma (OR, 1.58; 95% CI, 1.37-1.83). This association was consistent across long COVID severity levels. Poor asthma control was associated with increased odds of long COVID (asthma attacks: OR, 1.47; 95% CI, 1.09-1.97; ER visits for asthma: OR, 1.52; 95% CI, 1.02-2.27).</AbstractText>;           <AbstractText Label=""CONCLUSION"" NlmCategory=""CONCLUSIONS"">Asthma was associated with increased odds of long COVID. Patients with poorly controlled asthma were associated with increased odds of long COVID. From a clinical perspective, it is crucial to proactively identify patients with asthma at increased risk of long COVID, especially those with certain comorbidities. Future research on specific symptoms and the duration of long COVID among patients with asthma will benefit clinical practice.</AbstractText>;           <CopyrightInformation>© 2025. Springer-Verlag GmbH Germany, part of Springer Nature.</CopyrightInformation>",Asthma; Asthma control; COVID-19; Long COVID; National Health Interview Survey; Post COVID-19 condition
001-300-953-475-226,Could We Designate Long COVID a Syndrome?,2024,Fuzhou Wang,"<jats:p>Long COVID has been subject to growing examination as researchers and healthcare professionals strive to gain a deeper comprehension of its fundamental mechanisms and consequences. While syndromes often consist of a group of symptoms without a distinct underlying cause, Long COVID seems to be more intricate. Studies indicate that it could affect several organ systems and cause cellular-level harm, prompting specialists to propose that it be categorized as a syndrome rather than simple lingering consequences of the virus. However, further study needs to be conducted for determining whether there are distinctive characteristics that differentiate Long COVID as a distinct clinical entity from other post-viral conditions. Accurate identification of Long COVID will be essential in guiding treatment approaches and delivering appropriate therapy for patients who suffer from persistent symptoms after being infected with COVID-19.</jats:p>",
001-519-436-598-97X,Long COVID Is Associated with Excess Direct Healthcare Expenditures Among Adults in the United States.,2025,Rolake Neba; Lakshmi Sraddha Pedaprolu; Bryan Neba; Usha Sambamoorthi,"<b>Background:</b> Long COVID can lead to a considerable economic burden because of ongoing care for persistent symptoms such as fatigue, dyspnea, or cognitive dysfunction. However, systematic research quantifying healthcare expenditures associated with long COVID remains limited. <b>Objective:</b> This study estimated the excess total, payer, and out-of-pocket healthcare expenditures associated with long COVID among adults in the United States (US). <b>Methods:</b> This was a cross-sectional analysis on adults ≥18 years using 2022 Medical Expenditure Panel Survey (MEPS) data (N = 17,119; representing approximately 254 million adults). Economic burden was measured with (1) total, (2) payer, and (3) out-of-pocket expenditures by individuals and their families. Generalized linear models (GLMs) with gamma distribution and log link were utilized to estimate excess expenditures associated with long COVID after adjusting for age, sex, race and ethnicity, social determinants of health, health status, and lifestyle factors. <b>Results:</b> Overall, 7.0% of the population reported long COVID. Adults with long COVID exhibited higher total (USD 11,305 vs. USD 7162) and payer (USD 9983 vs. USD 6097) expenditures compared to those with no COVID. In a fully adjusted analysis, long COVID was associated with an excess of USD 4098 in total healthcare expenditures and USD 3705 in payer expenditures. We did not observe significant differences in out-of-pocket expenditures between those with long COVID and no COVID. <b>Conclusions:</b> Adults with long COVID had 1.5 times higher total healthcare costs compared to those without COVID. This study highlights the need for comprehensive strategies and policies to reduce the economic burden associated with long COVID.",COVID; healthcare expenditures; long COVID
001-679-756-116-653,Association of cognitive deficits with sociodemographic characteristics among adults with post-COVID conditions: Findings from the United States household pulse survey.,2025,Daniel J Wu; Nianjun Liu,"People infected with coronavirus disease-19 (COVID-19) may continue to experience symptoms for several weeks or even months after acute infection, a condition known as long COVID. Cognitive problems such as memory loss are among the most commonly reported symptoms of long COVID. However, a comprehensive evaluation of the risks of cognitive decline following COVID-19 infection among different sociodemographic groups has not been undertaken at the national level in the USA. We conducted a secondary analysis on the datasets from the U.S. Census Bureau Household Pulse Survey, encompassing data collected from 1 June 2022 to 19 December 2022. Based on a cohort of 385 370 individuals aged 18 years or older, we employed logistic regression analysis to examine the association between self-reported cognitive deficits and different sociodemographic factors among individuals with long COVID conditions. We have demonstrated that individuals with long COVID had a significantly higher risk of cognitive deficits compared to those with no history of COVID infection. Cognitive deficits vary across sociodemographic groups. In individuals without long COVID, men, older adults, and those with higher education reported fewer cognitive deficits, while Hispanics and residents of the South reported more. Long COVID had similar impacts across genders and regions but appeared to have the smallest impact on Hispanics compared to other racial groups. Conversely, the effects of long COVID were most significant in older adults and individuals with higher education. The state-level analysis further suggests potential variation in long COVID's effects across different states. The risks of cognitive deficits among adults with post-COVID conditions are substantial. Various sociodemographic groups can have different risks of developing cognitive deficits after experiencing long COVID. The findings of this large-scale study can help identify sociodemographic groups at higher risk of cognitive deficits, facilitate medical interventions, and guide resource allocation to target populations at risk and prioritize areas with a high rate of cognitive decline.",cognitive deficit; education attainment level; household pulse survey; long COVID; sociodemographic groups
002-758-616-046-093,Long COVID Linked With Unemployment in New Analysis.,2023,Melissa Suran,This Medical News article discusses new research on the association between long COVID and employment status.,
002-924-884-214-365,Fatigue and Long-COVID,2023,Keith Geraghty; Leonard A. Jason,"Fatigue is the most common symptom that affects those with acute and Long COVID. Over the past few years, governments around the world have spent millions of dollars on biomedical research that has quickly picked up a trail of clues that fatigue and Long-COVID are biological disorders with profound psycho-social consequences. The COVID-19 pandemic and symptoms such as fatigue have reignited interest in post-viral fatigue syndromes, illnesses that have historically challenged clinicians and medical orthodoxy. In this chapter, we review the theoretical controversies that surrounded the best known post-viral fatigue syndrome, that being myalgic encephalomyelitis/chronic fatigue syndrome. Its history in terms of research and practice has lessons for how scientists are trying to understand fatigue and Long COVID. This chapter concludes by discussing the implications of past work with post-viral fatigue syndromes, and how a better understanding of these syndromes can help health care practitioners and researchers interested in scientific inquiry regarding Long COVID.",
002-967-562-490-391,Patterns in the relationship between acute COVID-19/long COVID-19 and quality of life,2022,Hakan Tüzün; Cansu Özbaş; Burkay Budak; Gizem Altunay; F. N. Baran Aksakal,"<jats:sec>;             <jats:title>Objective:</jats:title>;             <jats:p>To determine the change in the quality of life (QoL) of patients who applied to a tertiary outpatient clinic according to their COVID-19 status.</jats:p>;           </jats:sec>;           <jats:sec>;             <jats:title>Methods:</jats:title>;             <jats:p>This cross-sectional study comprised 1 370 participants. Short form-12 (SF-12), which includes Physical Component Summary (PCS) and Mental Component Summary (MCS) domains, was used to evaluate the QoL. Different linear regression models created using PCS-12 and MCS-12 were dependent variables.</jats:p>;           </jats:sec>;           <jats:sec>;             <jats:title>Results:</jats:title>;             <jats:p>A total of 19.2% of participants had acute COVID-19, and 8.4% had long COVID-19. The most common sypmtoms were fatigue (72.6%), headache (42.5%), and joint pain (39.8%) in patients with long COVID-19. The model including all participants showed that long COVID-19 reduced the QoL in multivariate analysis for both MCS and PCS, while acute COVID-19 had no significant effect on the QoL comparing with those without COVID-19. Model that included participants with COVID-19 showed that long COVID-19 negatively affected the QoL in the multivariate model for PCS-12 and MCS-12. Variables that were significant in the multivariate model for those who had long COVID-19 were having a chronic disease and presence of ongoing symptoms. Females were disadvantaged for PCS-12 and MCS-12 in the multivariate models including all participants, and models including participants who have had COVID-19. Low educational group were disadvantaged for PCS-12 in the multivariate model including all participants. This group were also disadvantaged for PCS-12 and MCS-12 in the multivariate models including participants who had COVID-19.</jats:p>;           </jats:sec>;           <jats:sec>;             <jats:title>Conclusions:</jats:title>;             <jats:p>In studies, acute COVID-19 and long COVID-19 should be treated as separate categories. The effects of long COVID-19 should be considered when providing and planning health services. The effect of gender, and education, on QoL shows that health inequalities continue to be effective during the pandemic period.</jats:p>;           </jats:sec>",
002-987-916-934-26X,LONG COVID SYNDROME,2023,Sof'ya Kuznecova; Elena Belyaeva,"<jats:p>Clinical observations of polymorbid patients with Long Covid syndrome in real clinical practice are presented. Treatment options for patients with lung, muscle, cardiovascular and nervous system damage, immuno-inflammatory syndrome are proposed.</jats:p>",
005-968-594-442-873,Impact of Long COVID on Health-Related Quality of Life Among Patients After Acute COVID-19 Infection: A Cross-Sectional Study.,2024,Chengyao Sun; Ziwei Liu; Sixuan Li; Yuqi Wang; Guoxiang Liu,"Concerns have been raised globally regarding the long-term effects of the novel coronavirus disease 2019 (COVID-19). This study aimed to investigate the impact of long COVID on the health of patients recovering from acute COVID-19 in China. We conducted a cross-sectional questionnaire survey from 1 February to 9 March 2023. Propensity score matching (PSM) was used to understand the differences in health utility values between individuals with and without long COVID. Factors associated with health-related quality of life (HRQoL) were determined using a multiple linear regression model. A chi-square test was used to compare differences between the 2 groups for each dimension of the EuroQoL-5 Dimension-5 Level (EQ-5D-5L) scale. In total, 307 participants were included in the analysis, of which 40.39% exhibited at least 1 persistent symptom. The common symptoms of long COVID were fatigue/weakness, coughing, memory decline, poor concentration, and phlegm in the throat. Most patients with long COVID reported mild effects from their symptoms. After propensity score matching, the long-COVID group had lower health utility scores than the non-long-COVID group (0.94 vs 0.97). In the multivariable linear regression analysis, persistent symptoms and low annual household income were associated with lower health utility values (<i>P</i> < .05). Anxiety/depression and pain/discomfort were the major problems experienced by the participants with long COVID. Long-COVID symptoms following acute COVID-19 infection have a serious impact on health-related quality of life. Therefore, it is necessary to implement interventions to improve patient health after the recovery from acute COVID-19.",COVID-19; China; health-related quality of life; long COVID; persistent symptoms
003-273-523-496-352,Long Covid - Into the Third Year.,2023,Timothy Meagher,"As the COVID-19 pandemic reaches the end of its third year, and as COVID-related mortality in North America wanes, long Covid and its disabling symptoms are attracting more attention. Some individuals report symptoms lasting more than 2 years, and a subset report continuing disability. This article will provide an update on long Covid, with a particular focus on disease prevalence, disability, symptom clustering and risk factors. It will also discuss the longer-term outlook for individuals with long Covid.",COVID-19; epidemiology; infectious diseases; long-COVID; post-COVID-19 condition.
003-360-278-439-041,"Fatigue as a key feature in asthma, COPD and long covid",2024,Maarten Van Herck,"Fatigue is a common, but often underestimated and overlooked symptom in both asthma and COPD (a lung disease characterized by lung damage resulting in reduced oxygen uptake and breathing difficulties). The severity of fatigue is not related to an individual's lung function, making its treatment difficult. Sleep quality, shortness of breath, pain, and excessive negative feelings toward fatigue were linked to fatigue and are potential targets for personalized treatment in the future. In addition, this thesis brings long COVID (a condition describing persisting symptoms after COVID-19) into focus. Long covid has a significant impact on individuals' quality of life and functioning. Fatigue, post-exertional malaise (a disproportionate worsening of symptoms after physical, cognitive or emotional triggers), and orthostatic intolerance (the onset of symptoms when a person sits or stands upright) were identified as key features of long COVID. These findings highlight the need for targeted support and further research into effective treatments for long COVID.",
003-361-460-234-100,An exploration into the self-reported experiences of musculoskeletal pain in females diagnosed with long Covid within the eThekwini Municipality,2024,Karisa Pillay,"<jats:p>BACKGROUND The COVID-19 pandemic caused a worldwide health crisis that prompted an increase in the output of research targeted at expanding the knowledge available about COVID-19, the symptoms experienced and its consequences. Post-acute sequelae of SARS-CoV-2 infection is described as the persistence of symptoms since the initial diagnosis of COVID-19 for more than four weeks and, in most cases, lasting for months at a time. It is also referred to as Long COVID. Musculoskeletal pain (MSP) in relation to this condition is associated with tenderness, discomfort and stiffness of the joints, bones or muscles. Amidst the various reports of symptoms experienced by those affected by Long COVID, MSP has been identified as the most prevalent and debilitating manifestation, common in patients diagnosed with Long COVID. Despite current literature detailing the prevalence of various symptoms associated with Long COVID, a gap in the literature remains in the understanding of the experiences of individuals affected by MSP. Research has identified that women are more likely to endure symptoms of Long COVID, especially MSP, as compared to males. Given that women share a disproportionate burden of Long COVID, it is imperative to get a better understanding of the unique difficulties and lived experiences of women suffering from MSP. A thorough exploration into the various factors that play a role in the onset, development, persistence, and consequences of this symptom is required to fully grasp the experiences women have had whilst enduring MSP. Various factors play a vital role in the influence of an individual’s experiences of MSP throughout their Long COVID journey; these include pre-existing musculoskeletal conditions, the severity of the illness itself, biological changes because of COVID-19, psychological stresses, social determinants of health and health seeking approaches. This qualitative investigation aimed to address this gap in the literature by conducting in depth interviews amongst women with Long COVID experiencing MSP. This approach was to capture the rich perspectives of the participants, detailing daily life experiences, and methods of coping and challenges associated with MSP as a result of Long COVID. The benefits of a deeper understanding of the MSP experiences in women with Long COVID include interventions and support services specifically designed to address the unique challenges and needs that women encounter, resulting in a better quality of life and overall well-being. AIM OF STUDY The aim of this study has been to explore the experiences of MSP as a clinical manifestation of long COVID in women. METHODOLOGY A qualitative, exploratory, descriptive approach was utilised in this study(McLeod 2017). The purpose of a qualitative approach is to obtain a greater understanding of the experiences and perspectives of individuals who provide rich data without the use of quantitative and statistical methods. The sampling strategy utilised in this study was purposive sampling with the snowball method to obtain data. In this study, MSP was explored through the first-hand experiences of women with Long COVID to further understand how this clinical manifestation has affected their quality of life. This study involved conducting individual in-person interviews with a sample size of 12 women with Long COVID, with the purpose of providing personal, engaging interactions to obtain rich, reliable data. The benefit of conducting personal interviews is that it gathers the personal perspectives of individuals and explores responses to questions, which adds reliability to the study. Data was collected until saturation was attained. Data saturation was reached after interviewing the eighth participant, but four additional participants were interviewed thereafter to confirm saturation was reached. RESULTS The data were analysed using Tesch’s method to identify themes and subthemes. This involved the transcription and review of the participant responses, coding the responses according to themes and further categorizing similar themes into subthemes. The main themes that were identified in this study were the common clinical presentation of MSP experience due to Long COVID, negative effects of MSP on the quality of life and the varied and limited choice of healthcare treatment options. The participants shared a commonality with regard to the clinical presentation MSP, as most of them experienced back pain, neck pain, shoulder pain and headaches. The participants reported that they led a poor quality of life due to the extent of MSP which negatively affected their ability to perform daily tasks and resulted in constant fatigue. A high prevalence of anxiety, depression and frustration was experienced by the participants as they were exhausted from trying to find an effective treatment to resolve their pain. Most participants were highly reliant on pain medication to find some type of relief. Others sought alternate methods of care in the form of chiropractic treatment and lifestyle changes. This helped them better manage their pain and improve their general well-being. CONCLUSION The results of this study revealed that MSP is a prevalent and debilitating symptom amongst women with Long COVID. It affects various major aspects of lives, such as physical functioning, socialisation and mental health. A multi-disciplinary approach is imperative to provide efficient and effective health care to patients. Therefore, it is imperative that not only chiropractors but all health care practitioners who come into contact with affected women are able to create well-rounded treatment plans for those patients and converse easily with them to find a solution to their pain.</jats:p>",
003-516-669-091-802,Long COVID After Bamlanivimab Treatment,2024,Evering T.H.; Мухамедьярова А.Б.; Nikolaus Jilg; Y. T a k e; B. Sanusi; Wohl D.A.; Daar E.S.; Li J.Z.; P. Klekotka; Javan A.C.; Eron J.J.; Currier J.S.; Hughes M.D.; Smith D.M.; Chew K.W.; ACTIV- A Study Team,"Background: Prospective evaluations of long COVID in outpatients with coronavirus disease 2019 (COVID-19) are lacking. We aimed to determine the frequency and predictors of long COVID after treatment with the monoclonal antibody bamlanivimab in ACTIV-2/A5401. Methods: Data were analyzed from participants who received bamlanivimab 700 mg in ACTIV-2 from October 2020 to February 2021. Long COVID was defined as the presence of self-assessed COVID symptoms at week 24. Self-assessed return to pre-COVID health was also examined. Associations were assessed by regression models. Results: Among 506 participants, median age was 51 years. Half were female, 5% Black/African American, and 36% Hispanic/Latino. At 24 weeks, 18% reported long COVID and 15% had not returned to pre-COVID health. Smoking (adjusted risk ratio [aRR], 2.41 [95% confidence interval {CI}, 1.34- 4.32]), female sex (aRR, 1.91 [95% CI, 1.28-2.85]), non-Hispanic ethnicity (aRR, 1.92 [95% CI, 1.19-3.13]), and presence of symptoms 22-28 days posttreatment (aRR, 2.70 [95% CI, 1.63-4.46]) were associated with long COVID, but nasal severe acute respiratory syndrome coronavirus 2 RNA was not. Conclusions: Long COVID occurred despite early, effective monoclonal antibody therapy and was associated with smoking, female sex, and non-Hispanic ethnicity, but not viral burden. The strong association between symptoms 22-28 days after treatment and long COVID suggests that processes of long COVID start early and may need early intervention. Clinical Trials Registration: NCT04518410.",
004-064-585-740-096,129Xe lung ventilation imaging in patients with long COVID without prior respiratory disease,2024,Laura Saunders; Guilhem Collier; Laurie Smith; Helen Marshall; Alberto Biancardi; Demi Jakymelen; Scarlett Strickland; Lotta Gustafsson; Ryan Munro; Oliver Rodgers; Neil Stewart; Graham Norquay; David Capener; Alexander Horsley; A A Roger Thompson; Jim Wild,"<jats:p>Motivation: It is unclear the extent to which abnormal lung ventilation is present in long COVID subjects without prior respiratory diseases. Goal(s): Evaluate 129Xe lung ventilation imaging in a cohort without prior respiratory disease, consisting of patients with long COVID (with and without dyspnea) and controls. Approach: 60 patients with long COVID (53 with dyspnea, 7 without dyspnea) and 20 controls underwent successful ventilation imaging and were included in analysis. Results: 129Xe ventilation imaging metrics did not find significant differences between controls and patients with long COVID, however a subset of long COVID patients with dyspnea had lung ventilation defects despite normal PFTs. Impact: Impact (40 words): The majority of patients with long COVID  have normal 129Xe lung ventilation imaging. 129Xe  ventilation imaging may be able to identify candidates with long COVID who may  be candidates for treatments targeted at airways disease. </jats:p>",
004-331-568-467-554,Navigating the social identity of long covid,2021,Julie Van de Vyver; Ana C. Leite; Nisreen A Alwan,"Long covid is an urgent global public health problem. In the UK alone, experiencing it for a year or more is estimated to affect 405 000 people, with higher prevalence in deprived groups.1 Medical research into the pathophysiology of long covid, and how it can be treated is urgently needed, but it is also essential to consider social factors that may be implicated in the recovery of the millions of people with long covid across the world. It is not possible to holistically understand any individual’s experiences, without understanding their connection and place within the broader community around them. Research shows that social connections and belonging are essential determinants of health and wellbeing.2; ; #### Stigma, isolation, and identity loss in long covid; ; The particular features of long covid as a long lasting condition with multifactorial presentation, often without firm medical diagnoses, put patients at substantial risk of experiencing stigma.3 The idea that “invisible” chronic illnesses with poorly characterised underlying processes may lead to stigma is not new. Stigma not only affects people’s quality of …",
004-371-044-809-935,The immunology of long COVID.,2023,Daniel M Altmann; Emily M Whettlock; Siyi Liu; Deepa J Arachchillage; Rosemary J Boyton,"Long COVID is the patient-coined term for the disease entity whereby persistent symptoms ensue in a significant proportion of those who have had COVID-19, whether asymptomatic, mild or severe. Estimated numbers vary but the assumption is that, of all those who had COVID-19 globally, at least 10% have long COVID. The disease burden spans from mild symptoms to profound disability, the scale making this a huge, new health-care challenge. Long COVID will likely be stratified into several more or less discrete entities with potentially distinct pathogenic pathways. The evolving symptom list is extensive, multi-organ, multisystem and relapsing-remitting, including fatigue, breathlessness, neurocognitive effects and dysautonomia. A range of radiological abnormalities in the olfactory bulb, brain, heart, lung and other sites have been observed in individuals with long COVID. Some body sites indicate the presence of microclots; these and other blood markers of hypercoagulation implicate a likely role of endothelial activation and clotting abnormalities. Diverse auto-antibody (AAB) specificities have been found, as yet without a clear consensus or correlation with symptom clusters. There is support for a role of persistent SARS-CoV-2 reservoirs and/or an effect of Epstein-Barr virus reactivation, and evidence from immune subset changes for broad immune perturbation. Thus, the current picture is one of convergence towards a map of an immunopathogenic aetiology of long COVID, though as yet with insufficient data for a mechanistic synthesis or to fully inform therapeutic pathways.",