label,message
,"Hey, are we still meeting after class today?"
,Congratulations! You have been selected for a free gift card. Claim now.
,Can you send me the notes from yesterday's lecture?
,URGENT! Your account has been suspended. Verify immediately.
,Don't forget to bring your laptop to the library meeting.
,Win cash prizes now by entering our exclusive mobile contest.
,I am outside your apartment whenever you are ready.
,Limited time offer! Get a free vacation package today.
,Can you call me when you get a chance?
,You have won a brand new phone. Click the link to claim it.
,I just emailed you the article for class.
,Final notice: your payment is overdue. Pay now to avoid penalties.
,Are you free to study together this weekend?
,Exclusive reward waiting for you. Respond now.
,The professor moved the deadline to Friday.
,You have been chosen for a free shopping voucher.
,Can you pick up some snacks on your way here?
,Act now to receive your bonus reward before it expires.
,I left my charger in the classroom by accident.
,Your loan has been approved instantly. Reply YES for details.
,Want to grab coffee before the meeting?
,Claim your free ringtone subscription today.
,My shift ends at 6 if you still need a ride.
,You are the lucky winner of a $500 prize.
,The reading for next week is posted online now.
,Your mobile number has won a cash jackpot.
,I'll text you when I get to campus.
,Important notification: update your billing information now.
,Do you know what chapters are on the quiz?
,Free entry in our weekly giveaway. Join now.
,Can you resend the Zoom link for tonight?
,You have been pre-approved for a special cash advance.
,I'm at the front desk waiting for you.
,"Congratulations, your number qualifies for a special discount."
,Please remember to submit your discussion board tonight.
,Click here now to unlock your exclusive member reward.
,The meeting room changed to the second floor.
,You have received a free coupon. Redeem it before midnight.
,I found your water bottle in the lab.
,Earn money fast from home with this simple method.
,Can you let me know when the package arrives?
,Special promotion just for you. Reply now.
,I'm running about ten minutes late.
,A free gift is waiting for you. Confirm immediately.
,Did you already finish the homework questions?
,Your subscription is expiring. Renew today for continued access.
,Let's meet in the student center at noon.
,Winner! Claim your free concert tickets now.
,I uploaded the assignment file to GitHub.
,This is your last chance to receive a cash prize.
,Can you help me review my paper later?
,Get approved instantly for low-interest financing.
,The library closes earlier tonight.
,You have been selected for a free membership trial.
,I'll be home in about thirty minutes.
,Important alert: unusual activity detected on your account.
,Do you want me to save you a seat?
,Receive a complimentary vacation stay if you respond today.
,My internet was down so I turned in the work late.
,Reply STOP to cancel or YES to claim your reward.
,Can you send me the professor's office hours?
,Your prize is pending. Provide your details now.
,I can meet on Tuesday instead if that works.
,Lowest insurance rates available now. Get your quote today.
,I finished the spreadsheet and uploaded the final version.
,Claim a free sample by clicking the secure link.
,Please text me when you leave campus.
,You are eligible for a bonus payment this week.
,I think the assignment was easier than last week's.
,Exclusive deal ends tonight. Don't miss out.
,Can you proofread my discussion post before I submit it?
,You have won a free entry into our monthly drawing.
,I'm in the parking lot near the main entrance.
,Your account qualifies for premium access at no cost.
,The group project notes are in the shared folder.
,Act fast to secure your reward before it expires.
,Can we switch our meeting time to 4 PM?
,Free trial available now with instant activation.
,I just checked and the article is peer reviewed.
,Congratulations! You are today's selected winner.
,Do you know if class is online tomorrow?
,Your confirmation code is required to avoid account closure.
,I'll bring the book back to you tomorrow.
,Claim your cashback now through our limited-time offer.
,The file finally uploaded correctly.
,This message confirms your eligibility for a free bonus.
,Can you remind me what page the quote was on?
,New promotional offer available for valued customers only.
,I will send the reading summary tonight.
,You have been chosen to receive a special award.
,Can you meet me in the archive room later?
,Immediate response needed to secure your prize.
,I think I left my notebook in your car.
,Discounted streaming access available now. Sign up today.
,The workshop starts at 1 and ends at 3.
,Win big now with our easy entry contest.
,I got your message and will reply later tonight.
,Please verify your identity to receive the funds.
,We should probably start the group slides soon.
,Limited seats available. Reserve your free place now.
,Text me when you get home safely.
,This is a courtesy reminder about your unpaid balance.
,I added comments to the draft in Google Docs.
,You have unlocked a special mobile reward.
,Can you send me the citation format again?
,Redeem your exclusive offer now before it is gone.
,I'll check the dataset and message you back.
,Congratulations! You qualify for a free upgrade today.
